
{
  "framework": "nextjs",
  "buildCommand": "yarn build",
  "outputDirectory": ".next", 
  "installCommand": "yarn install --frozen-lockfile",
  "functions": {
    "app/api/**/*.ts": {
      "maxDuration": 30
    },
    "app/api/database/backups/**/*.ts": {
      "maxDuration": 60
    }
  },
  "env": {
    "NODE_ENV": "staging"
  },
  "headers": [
    {
      "source": "/api/(.*)",
      "headers": [
        { "key": "Access-Control-Allow-Origin", "value": "*" },
        { "key": "Access-Control-Allow-Methods", "value": "GET, POST, PUT, PATCH, DELETE, OPTIONS" },
        { "key": "Access-Control-Allow-Headers", "value": "Content-Type, Authorization, X-Requested-With" },
        { "key": "X-Environment", "value": "staging" }
      ]
    }
  ],
  "redirects": [
    {
      "source": "/health",
      "destination": "/api/health",
      "permanent": false
    }
  ],
  "rewrites": [
    {
      "source": "/sitemap.xml",
      "destination": "/api/sitemap/generate"
    },
    {
      "source": "/robots.txt", 
      "destination": "/api/robots"
    }
  ],
  "crons": []
}
